Name,RMM,log10(human inferred CLh (L/s)),"fraction unbound 
in plasma (fu)",logD,pKa_acidic,pKa_basic,human Vd [L/kg]
16-acetyl gitoxin,822.98,-3.677780705,0.07,3.49,14,0,0.78
Abacavir,286.33,-1.819109858,0.5,1.23,13,5.6,0.84
Acamprosate,181.21,-2.359021943,1,-1.85,0.36,0,0.3
Acebutolol,336.43,-1.93305321,0.74,-0.292,14,9.2,1.7
Acecainide (N-acetylprocainamide),277.36,-2.330993219,0.9,-0.249,12,9,1.9
Acenocoumarol,353.33,-2.825843241,0.02,1.23,5,0,0.24
Acetaminophen,151.16,-2.234083206,0.52,0.407,9.7,0,1
Acetazolamide,222.25,-3.120139854,0.04,-0.593,8,2.5,0.37
"Acetylcysteine, N-",163.19,-2.441691517,0.17,-1.62,3.2,0,0.55
"Acetylmethadol, L-",353.5,-2.200659451,0.2,2.6,14,8.8,8.3
Acetylsalicylic Acid,180.16,-1.853871964,0.68,-1.51,3.6,0,0.22
Actisomide,369.54,-2.101183436,0.7,-0.338,14,9,0.58
Acyclovir,225.2,-2.260955352,0.85,-0.4,9,4.1,0.71
Adefovir,273.19,-2.364851486,0.96,-0.386,0,4.2,0.42
Adinazolam,351.83,-2.140661521,0.31,1.6,14,6.7,0.98
Ajmaline,326.43,-1.941827135,0.24,0.819,14,7.5,4
Albuterol (salbutamol),239.31,-2.040958608,0.92,-1.32,10,9.5,1.9
Alectinib,482.62,-2.047126871,0.003,4.2,11,7.5,6.35
Alendronate,249.1,-2.518079862,0.22,1.37,1.2,11,0.33
Alfentanil,416.52,-2.341988603,0.086,1.69,14,6.7,0.45
Alfuzosin,389.45,-2.162201199,0.14,1.4,13,7.2,1.5
Alinidine,270.16,-1.853871964,0.4,-0.44,14,8.7,2.72
Allopurinol,136.11,-1.891660525,0.97,-0.267,9.5,2.9,0.58
Almitrine,477.55,-2.946281476,0.01,5.41,14,6.1,35.37
Almotriptan,335.46,-1.983663204,0.6,-0.11,13,8.3,2.2
Alosetron,294.35,-1.993533958,0.18,1.72,13,5.6,1.1
Alprazolam,308.76,-3.063821491,0.29,2.1,14,6.2,0.8
Alprenolol,249.35,-1.756961951,0.18,0.876,14,9.2,3.2
Alvimopan,424.53,-2.166640363,0.2,0.622,3.4,9.3,0.43
Amantadine,151.25,-2.251811973,0.33,-0.462,14,10,6.6
Amdinocillin,325.43,-2.133712661,0.9,-1.66,3.4,9,0.37
Amikacin,585.6,-2.891660525,0.88,-2.26,12,9.4,0.16
"Aminocamptothecin, 9-",363.37,-2.120139854,0.003,1.22,10,4.1,2.2
"Aminohexanoic acid, 6-",131.17,-2.535113202,0.92,0.0023,4.2,11,0.39
Aminolevulinic acid,131.13,-2.658895361,0.88,-0.977,3.8,9.6,0.12
"Aminosalicylic acid, 5-",153.14,-1.964570262,0.39,-0.815,2.7,5.9,0.33
Amiodarone,645.31,-2.654299609,0.0002,6.1,14,8.7,60
Amiprilose,305.37,-2.391473966,0.97,-1.13,14,9.4,1.04
Amitriptyline,277.4,-2.147723375,0.07,2.74,14,9,8.7
Amlodipine,408.88,-2.08795517,0.005,1.82,14,9,17
Amoxicillin,365.4,-2.41453927,0.85,-1.32,2.8,7.6,0.25
AMP579,478.01,-1.853871964,0.03,3.26,13,5.9,0.84
Amphetamine (-d),135.21,-1.946281476,0.8,-0.431,14,9.9,6.1
Amphotericin B,924.08,-3.702604289,0.03,0.466,4.5,8.6,0.62
Ampicillin,349.4,-2.485895179,0.85,-2.32,2.8,7.7,0.22
Amrinone,187.2,-1.983663204,0.89,0.672,9.6,6.6,1.3
Amsacrine,393.46,-2.299584755,0.029,3.44,8.9,8.3,1.6
Amsalog,464.54,-2.518079862,0.0011,3.72,8.8,8.1,0.3
Anidulafungin,1140.24,-3.610833916,0.16,7.5,9.2,0,0.57
Antipyrine,188.23,-3.126873236,0.93,0.43,14,0,0.77
Antofloxacin,376.38,-2.59063053,0.82,0.305,6.1,8.2,2.42
Apalcillin,521.55,-2.654299609,0.1,-0.564,2.8,2.4,0.16
Apomorphine,267.32,-1.617982957,0.05,2.15,9.9,8.3,1.6
Aprepitant,534.43,-2.93305321,0.05,4.05,8.8,3,0.94
Argatroban,508.63,-2.234083206,0.46,1.04,3.3,9,0.17
Aripiprazole,448.39,-3.013975118,0.01,5.03,14,7.8,4.9
Artesunate,384.42,-1.617982957,0.25,-0.254,8,0,15
Articaine,284.37,-1.617982957,0.46,1.51,11,7.9,7.7
Ascorbic acid,176.12,-2.911863911,0.26,-1.64,4,0,0.35
Astragaloside IV,784.97,-3.063821491,0.14,0.831,14,0,0.12
Asunaprevir,748.29,-1.86190792,0.012,2.9,4.1,1.2,2.77
Atenolol,266.34,-2.535113202,0.94,-1.89,13,9.2,0.95
Atomoxetine,255.35,-1.964570262,0.02,0.565,14,9.3,0.85
Atovaquone,366.84,-3.756961951,0.001,4.38,5.2,0,0.6
Atracurium,929.15,-2.177178355,0.52,0.00786,14,0,0.1
Atropine,289.37,-2.052239618,0.61,-0.579,14,9.3,3.3
Avarofloxacin,419.42,-3.040958608,0.34,0.539,6.2,9.1,1.13
Avibactam,265.24,-2.492144128,0.93,-1.82,0,0,0.24
Azapropazone,300.36,-3.786925175,0.004,0.871,6.2,0.35,0.12
Azelastine,381.9,-1.978810701,0.17,2.05,14,8.9,15
Azimilide,457.95,-2.552841969,0.06,2.02,14,8.7,13
Azithromycin,748.98,-1.93305321,0.88,0.672,14,8.9,33
Azlocillin,461.49,-2.535113202,0.65,-1.92,2.8,0,0.26
Aztreonam,435.43,-2.756961951,0.4,-2.69,0,2.9,0.18
Baclofen,193.24,-2.702604289,0.69,-1.02,3.9,9.6,0.65
Basimglurant,325.77,-2.485895179,0.01,3.9,14,4.9,9.7
Batanopride,355.86,-1.963637298,0.46,0.668,13,9,1.5
Bazedoxifene,470.6,-2.106978408,0.02,3.25,9.6,8.7,15.4
BB 83698,530.66,-2.441691517,0.2,3.29,9.4,6.6,1.1
Beclabuvir,659.84,-2.809201569,0.01,1.2,3.9,8.3,0.5
Beclomethasone dipropionate,521.04,-1.617982957,0.13,4.22,12,0,0.29
Belinostat,318.35,-1.617982957,0.06,1.91,7.9,0,0.8
Bendamustine,358.26,-2.280806869,0.05,0.821,4.6,6.2,0.22
Benzydamine,309.41,-2.575118363,0.8,2.21,14,9.7,1.53
Bepridil,366.54,-1.993533958,0.001,4.28,14,7.8,10.1
Betamethasone,392.46,-2.485895179,0.36,2.1,11,0,1.3
Betamipron,193.2,-1.969265383,0.17,-1.69,4.1,0,0.28
Betaxolol,307.43,-2.401574293,0.4,0.62,14,9.2,4.8
Bevantolol,345.43,-2.192690521,0.015,1.54,14,8.3,0.67
Biapenem,350.39,-2.535113202,0.92,-1.76,3.2,0,0.2
Bilastine,463.61,-2.475171314,0.13,0.82,4.5,9.4,0.61
Biperiden,311.46,-1.853871964,0.097,1.66,14,9.1,12
Bisoprolol,325.44,-2.364851486,0.66,0.274,14,9.2,2.4
BLP1654,434.47,-2.728933228,0.8,-1.12,2.8,7.8,0.24
BMS-214662,489.61,-1.950781977,0.01,3.47,14,6.9,0.84
Bortezomib,384.24,-1.654299609,0.17,2.38,9.5,2.9,10
Bosentan,551.61,-2.610833916,0.037,1.15,4.7,3,0.29
Brexpiprazole,433.57,-3.401574293,0.002,4.45,12,8.1,1.46
Brivaracetam,212.29,-3.057991947,0.825,0.829,14,0,0.56
Bromazepam,316.15,-3.225483034,0.48,2,11,3.2,0.85
Bromfenac,334.16,-2.819109858,0.0011,0.578,4.2,3.2,0.11
Bromopride,344.25,-1.819109858,0.6,0.974,12,9,3.1
Bromotetrandrine,701.65,-1.950781977,0.22,4.95,14,8.6,51
Brotizolam,393.69,-2.632023215,0.092,2.42,14,6.3,0.75
Budesonide,430.53,-1.632023215,0.13,3.49,12,0,3.9
Buflomedil,307.38,-2.184865183,0.4,0.366,14,9.3,1.3
Bufuralol,261.36,-1.983663204,0.19,1.74,14,8.9,1.7
Bumetanide,364.42,-2.535113202,0.031,-0.245,4.4,1,0.16
Bunazosin,373.45,-2.251811973,0.06,1.7,14,7.2,0.72
Bupivacaine,288.43,-2.299584755,0.056,2.85,13,7.9,0.84
Buprenorphine,467.64,-1.654299609,0.04,3.06,9.9,8.9,4.9
Busulphan,246.3,-2.552841969,1,-0.68,14,0,0.55
Butorphanol,327.46,-1.617982957,0.17,1.61,9.7,8.5,12
Butylbiguanide,157.22,-2.114827317,0.9,-0.921,14,13,1.84
Cabazitaxel,835.93,-1.891660525,0.24,4.9,11,0,48
Caffeine,194.19,-2.786925175,0.64,0.0785,14,1.8,0.63
Canagliflozin,444.52,-2.495302648,0.01,4.6,12,0,1.19
Candesartan,440.45,-3.364851486,0.002,-0.634,3.7,2.6,0.13
Candoxatrilat,399.48,-2.571325374,0.872,-2.48,3.8,0,0.25
Cangrelor,776.36,-1.975925013,0.02,0.729,0,3.1,0.035
Captopril,217.29,-1.853871964,0.73,-1.28,3.8,0,0.75
Carbazeran,360.41,-1.617982957,0.08,1.8,14,4,0.67
Carbenicillin,378.4,-2.654299609,0.52,-2.08,2.6,0,0.17
Carebastine,499.64,-3.330993219,0.05,1.51,4.4,8.8,0.41
Carfilzomib,719.91,-1.617982957,0.02,5.54,14,5.2,0.13
Carmustine (BCNU),214.05,-1.617982957,0.23,1.43,11,0,1.2
Carnitine_L,161.2,-2.728933228,1,-2,3.9,0,0.4
Carprofen,273.71,-3.225483034,0.001,1.98,4.5,0,0.22
Carumonam,466.4,-2.756961951,0.72,-2.29,0,3.1,0.18
Carvedilol,406.47,-2.040958608,0.02,3.07,12,7.9,1.3
Casopitant,616.61,-2.445914835,1,5.52,14,6.8,2.77
Caspofungin,1093.31,-3.786925175,0.035,-0.405,9.2,9.9,0.13
Cefadroxil,363.39,-2.535113202,0.39,-0.123,2.8,7.6,0.23
Cefamandole,462.5,-2.37675071,0.25,-1.19,2.6,0,0.16
Cefatrizine,462.5,-2.41453927,0.4,-0.586,2.1,7.6,0.22
Cefazolin,454.51,-2.983663204,0.18,-1.85,2.3,1.7,0.12
Cefepime,480.56,-2.59063053,0.78,-2.22,2.3,3.1,0.28
Cefetamet,397.43,-2.654299609,0.78,-1.53,2.6,3.3,0.28
Cefixime,453.45,-2.93305321,0.31,-2.12,2.4,3.2,0.24
Cefmenoxime,511.56,-2.370760346,0.31,-1.76,2.5,3.2,0.2
Cefmetazole,471.53,-2.756961951,0.15,-1.92,2.9,0,0.13
Cefodizime,584.67,-3.147723375,0.18,-1.95,2.3,3,0.054
Cefonicid,542.57,-3.353269614,0.02,-2.42,0,0,0.14
Cefoperazone,645.67,-2.819109858,0.07,-2.08,2.6,0,0.17
Ceforanide,519.55,-3.113509275,0.19,-1.43,2.6,9.9,0.17
Cefotaxime,455.47,-2.501689446,0.6,-1.6,2.4,3.1,0.19
Cefotetan,575.62,-3.30980392,0.15,-1.68,2.7,0,0.13
Cefotiam,525.63,-2.169625217,0.5,-1.72,2.6,8.9,0.26
Cefoxitin,427.45,-2.37675071,0.73,-0.284,2.5,0,0.17
Cefozopran,516.53,-2.610833916,0.74,-1.61,2.5,1,0.24
Cefpiramide,612.64,-3.251811973,0.03,-1.25,2.6,3.4,0.15
Cefpirome,514.58,-2.654299609,0.9,-1.36,2.7,3.3,0.24
Cefprozil,389.43,-2.470655212,0.59,-0.347,2.7,7.6,0.21
Cefroxadin,365.4,-2.253625314,0.1,-0.83,2.4,7.6,0.17
Ceftaroline fosamil,684.68,-1.617982957,0.8,-2.06,2.5,1.9,0.53
Ceftazidime,546.58,-2.552841969,0.79,-1.78,2.5,3.1,0.31
Ceftizoxime,383.4,-2.610833916,0.72,-1.5,2.6,3.3,0.2
Ceftobiprole,534.57,-2.756961951,0.62,-1.94,2.3,8.8,0.27
Ceftolozane,666.69,-2.868595221,0.81,-1.8,3.1,9.9,0.17
Ceftriaxone,554.58,-3.59063053,0.1,-2.65,2.7,3.3,0.12
Cefuzonam,513.59,-2.320269354,0.12,-1.62,2.3,3.1,0.2
Cephalexin,347.39,-2.341988603,0.85,-0.683,2.8,7.7,0.21
Cephaloridine,415.49,-2.41453927,0.8,-0.464,2.8,0,0.46
Cephalothin,396.44,-2.677780705,0.22,1.16,2.4,0,0.07
Cephapirin,423.46,-2.501689446,0.55,-1.39,2.4,5.7,0.13
Cephradine,349.4,-2.41453927,0.95,-1.14,2.8,7.6,0.21
Cerivastatin,459.55,-2.470655212,0.01,1.81,4.1,5.7,0.33
Cetrorelix,1431.04,-2.853871964,0.14,0.802,9.8,11,0.39
Chlorambucil,304.21,-2.485895179,0.01,1.38,4.6,3.7,0.26
Chloramphenicol,323.13,-2.552841969,0.34,1.1,9.6,0,0.94
Chlordiazepoxide,299.75,-3.364851486,0.056,2.4,14,4.6,0.25
Chlormethiazole,161.65,-1.617982957,0.36,1.51,14,3.2,6.6
Chloroquine,319.87,-2.320269354,0.43,0.908,14,10,140
Chlorpheniramine,274.79,-2.535113202,0.7,1.44,14,9.5,3.3
Chlorpromazine,318.86,-1.728933228,0.056,3.17,14,9,10
Chlorpropamide,276.74,-4.279840697,0.03,-0.00297,4.9,0,0.19
Chlortetracycline,478.88,-2.632023215,0.52,-0.784,3.3,9.5,0.9
Chlorthalidone,338.77,-2.756961951,0.24,0.971,8.6,0,3.9
Cibenzoline,262.35,-1.998554759,0.5,0.0721,14,12,4.1
Ciclesonide,540.69,-1.617982957,0.01,4.87,13,0,2.9
Cidofovir,279.19,-2.535113202,1,0.169,0,4.1,0.49
Cilastatin,358.45,-2.571325374,0.6,-1.41,2.1,9.4,0.15
Cilomilast,343.42,-3.234083206,0.006,1.13,4.8,0,0.23
Cimetidine,252.34,-2.024568191,0.78,0.212,14,6.7,1.2
Ciprofloxacin,331.34,-2.013975118,0.7,-0.644,6.1,8.5,2.1
Cisapride,465.95,-2.756961951,0.02,3.6,11,7.8,1.2
Cisatracurium,929.15,-2.200659451,0.62,0.00786,14,0,0.14
Citalopram,324.39,-2.299584755,0.2,1.48,14,9.3,12
Cladribine,285.69,-1.786925175,0.79,0.187,12,3,7.7
Clarithromycin,747.95,-2.06973035,0.23,1.57,13,8.7,1.5
Clavulanic Acid,199.16,-2.441691517,0.91,-2.38,3,0,0.22
Clazosentan,577.57,-1.911863911,0.02,0.238,3.3,1,0.23
Clentiazem,448.96,-1.796332643,0.1,2.66,14,7.6,9.7
Clevidipine,456.32,-1.617982957,0.0038,4.9,14,0.49,0.58
Clinafloxacin,365.79,-2.260955352,0.96,-0.615,6.1,9.5,1.9
Clindamycin,424.98,-2.279840697,0.06,1.51,13,7.5,0.79
Clodronate,244.89,-2.728933228,0.64,0.706,0,0,0.88
Clofarabine,303.68,-2.046562485,0.53,0.579,12,3,1.75
Clomipramine,314.85,-2.019239358,0.029,2.6,14,9,13
Clonazepam,315.71,-2.988570538,0.15,2.13,11,1.7,2.9
Clonidine,230.09,-2.330993219,0.56,0.204,14,8.5,3.3
Clopidogrel,321.82,-1.617982957,0.02,4.03,14,5.4,2.01
Clozapine,326.82,-2.535113202,0.055,3.21,14,7.6,1.6
Cobimetinib,531.31,-2.485895179,0.05,3.16,14,8.1,15.4
Cocaethylene,317.38,-1.819109858,0.64,1.46,14,8.3,1.6
Cocaine,303.35,-1.617982957,0.12,0.759,14,8.3,2
Codeine,299.36,-1.756961951,0.7,0.523,14,8.4,3.5
Colchicine,399.44,-2.610833916,0.61,1.28,13,0,6.1
Combretastatin A4 Phosphate,396.33,-2.165155594,0.23,-1.24,2.3,0,0.11
Conivaptan,498.57,-2.455931956,0.01,4.27,11,6.4,0.76
Coumarin,146.14,-1.617982957,0.17,0.992,14,0,1.1
CP-65207,348.44,-2.225483034,0.9,-1.36,3,0,0.21
Crizotinib,450.34,-1.944048595,0.09,1.81,14,9.7,22.15
Cyclophosphamide,261.09,-2.891660525,0.87,0.754,14,2.4,0.73
Cyclosporine,1202.61,-2.057991947,0.068,8.13,14,0,3.3
Cytarabine,243.22,-1.617982957,0.87,-1.5,12,4.1,0.67
Dabigatran,471.51,-2.647495901,0.65,-0.19,3,9.3,0.85
Dabrafenib,519.56,-2.476687177,0.003,2.78,8.7,3.4,0.65
Dacarbazine,182.18,-2.518079862,1,0.616,11,4.2,1.2
Dacinostat,379.45,-2.052239618,0.23,1.68,9.9,7,2.17
Daclatasvir,738.88,-2.93305321,0.01,4.35,12,6.3,0.67
Dalbavancin,1816.69,-4.93305321,0.02,1.5,2.5,9.2,0.14
Dalfampridine,94.11,-1.964570262,1,-0.101,14,8.6,2.6
Dalfopristin,690.85,-1.728933228,0.82,1.51,13,4.1,0.39
Danoprevir,731.83,-1.871223903,0.02,1.81,4.2,0,0.22
Dapagliflozin,408.87,-2.455931956,0.09,2.94,12,0,1.7
Dapsone,248.3,-3.251811973,0.25,0.884,14,2.3,0.83
Darifenacin,426.55,-1.853871964,0.02,1.8,14,8.6,2.6
Daunorubicin,527.52,-1.617982957,0.06,0.316,7.9,8.6,32.05
Decitabine,228.21,-1.617982957,1,-1.05,13,4.4,4.6
Deferasirox,373.36,-3.008773924,0.004,1.17,3.8,1.6,0.2
Degarelix,1632.26,-3.100544298,0.1,0.688,11,9.6,0.74
Delafloxacin,440.76,-2.565697289,0.16,0.464,4.8,1.1,0.35
Delorazepam (Chlordesmethyldiazepam),305.16,-3.702604289,0.051,3.24,12,2.2,2.2
Demethylchlortetracycline,464.85,-2.891660525,0.59,-1.01,3.3,9.5,1.3
Deramciclane,301.47,-2.244633388,0.05,3.54,14,8.8,7.7
Desipramine,266.38,-1.891660525,0.16,1.14,14,9.8,15
Desmethyldiazepam,270.71,-3.853871964,0.03,2.74,12,3.4,0.45
Desvenlafaxine,263.38,-2.24285713,0.7,0.0846,11,9.3,3.5
Dexamethasone,392.46,-2.41453927,0.32,2.25,11,0,0.94
Dexfenfluramine,231.26,-1.891660525,0.66,1.26,14,9.2,11
Dexloxiglumide,461.38,-2.364851486,0.024,1.55,3.8,0,0.18
Dexmedetomidine,200.28,-1.891660525,0.06,2.83,14,6.6,1.6
Dexmethylphenidate,233.31,-2.108927376,0.87,-0.00184,14,8.7,2.65
Dexrazoxane,268.27,-2.441691517,1,-1.3,9.6,6.8,0.55
Dezocine,245.36,-1.617982957,0.08,1.34,10,9.4,5.6
DHA Paclitaxel,1164.38,-4.535113202,0.0038,9.1,12,0,0.068
Diatrizoic Acid (Amidotrizoate),613.91,-2.702604289,1,0.708,3.4,0,0.26
Diazepam,284.74,-3.353269614,0.023,3,14,3.1,1
Diazoxide,230.67,-4.15490196,0.06,1.48,9,0.7,0.21
Diclofenac,296.15,-2.388985166,0.005,1.22,4.2,0.55,0.22
Dicloxacillin,470.33,-2.632023215,0.033,-0.226,2.8,0,0.11
Didanosine,236.23,-1.891660525,0.95,-0.912,9,2.1,0.77
Dienogest,311.42,-2.8224635,0.1,2.18,14,0,0.6
Diflomotecan,398.36,-2.007741119,0.125682021,1.62,11,0.34,1.42
Diflunisal,250.2,-3.93305321,0.0016,0.646,2.8,0,0.097
Digitoxin,764.94,-4.299584755,0.066,2.88,14,0,0.44
Digoxin,780.94,-2.702604289,0.7,1.76,14,0,4.1
Dihydroergotamine,583.68,-1.754939958,0.07,4.4,11,7.5,0.33
Dihydroquinidine,326.43,-2.30980392,0.22,1.56,13,8.9,2.8
Diltiazem,414.52,-1.819109858,0.18,2.03,14,7.6,4.1
Diphenhydramine,255.35,-1.941827135,0.19,1.82,14,8.6,6.5
Diprafenone,369.5,-1.891660525,0.017,2.33,14,9.4,1.2
Dipyridamole,504.63,-2.632023215,0.009,3.2,14,9,0.82
Disopyramide,339.47,-2.978810701,0.16,-0.199,14,9.8,0.52
Disufenton sodium,381.33,-2.802719442,0.6,-2.31,0,4.6,0.18
Docetaxel,807.88,-1.786925175,0.04,4.62,10,0,2.1
Dofetilide,441.56,-2.217049867,0.36,0.725,8.4,8,3.3
Dolasetron,324.37,-1.617982957,0.49,2.19,13,7.6,2
Domperidone,425.91,-1.955329605,0.082,3.2,9.4,7.8,3.4
Dopamine,153.18,-1.617982957,0.87,-2,10,9.6,0.74
Doripenem,420.5,-2.41983561,0.92,-1.78,2.8,9.1,0.23
Doxacurium,1035.22,-2.501689446,0.53,0.436,14,0,0.22
Doxazosin,451.48,-2.728933228,0.017,2.45,14,7.2,1.3
Doxepin,279.38,-1.786925175,0.2,2.14,14,9,12
Doxifluridine,246.19,-1.891660525,0.61,-0.946,7.9,0,0.28
Doxorubicin,543.52,-1.756961951,0.28,0.23,7.9,8.6,22
Doxycycline,444.43,-3.270295379,0.12,-0.0571,3.2,9.1,0.69
Dronedarone,556.76,-1.617982957,0.02,4.8,7.7,9.7,20
Drotaverine,397.51,-2.388985166,0.12,4.42,14,1.2,1.9
Edaravone,174.2,-2.780764866,0.89,0.83,14,0.5,0.23
Edoxaban,548.06,-2.217885853,0.5,1.66,12,6.8,1.53
Eletriptan,382.52,-2.208777341,0.15,0.911,14,8.6,1.6
Eltanolone,318.49,-1.617982957,0.01,4.08,14,0,2
Enalaprilat,348.39,-2.728933228,0.62,-1.66,2.1,8.3,0.38
Enalkiren,656.86,-3.279840697,0.07,1.88,13,9.2,0.11
Encainide,352.47,-1.819109858,0.26,1.25,13,9.2,2.2
Enoxacin,320.32,-2.200659451,0.8,-0.964,6.1,8.6,2
Enoximone,248.3,-1.652019843,0.3,1.71,9.4,0,1.48
Enprofylline,194.19,-2.330993219,0.55,-0.436,7.6,2.6,0.63
Entacapone,305.29,-1.853871964,0.02,0.306,4.2,0,0.27
Epirubicin,543.52,-1.632023215,0.25,0.23,7.9,8.6,45
Epristeride,399.57,-3.41453927,0.03,3.42,4.5,0,0.54
Eprosartan,424.51,-2.654299609,0.017,-1.24,4.1,7.2,0.17
Eptifibatide,831.96,-2.853871964,0.75,-1.92,3.8,9.8,0.17
Ergotamine,581.66,-1.756961951,0.02,4.05,11,6.5,3.6
Eribulin,731.87,-3.057991947,0.43,1.81,14,9.2,1.46
Erlotinib,393.44,-2.705166506,0.07,3.47,14,3.9,0.77
Ertapenem,475.51,-3.279840697,0.1,-1.72,2.8,6.8,0.12
Erythromycin,733.93,-2.184865183,0.1,1.03,14,8.7,0.95
Esmolol,295.37,-1.617982957,0.59,0.0447,14,9.2,1.2
Esomeprazole,345.42,-2.347592481,0.03,2.26,9.5,4.4,0.2
Estradiol,272.38,-1.617982957,0.016,3.74,11,0,1.2
Estramustine phosphate,520.38,-2.959925357,0.5,1.37,1.9,0,0.12
Ethambutol,204.31,-1.93305321,0.18,-0.418,14,9.6,1.7
Ethimizol,210.23,-1.85026784,0.92,0.698,12,1.8,0.73
Ethinylestradiol,296.4,-2.08795517,0.014,4.1,11,0,4.3
Ethinylestradiol-3-Sulfate,376.47,-2.260955352,0.011,0.373,0,0,2.3
Etilefrine,181.23,-1.786925175,0.77,-0.978,10,8.8,2.1
Etomidate,244.29,-1.819109858,0.23,3.03,14,4.3,2.7
Etonogestrel,324.46,-2.632023215,0.02,3.98,14,0,2.87
Etoposide,588.56,-3.234083206,0.12,0.949,12,0,0.18
Etoricoxib,358.84,-3.035426119,0.081,2.46,14,4.6,1.5
Evacetrapib,638.65,-3.008773924,0.001,4.72,5.3,4.6,1.82
Ezogabine,303.33,-2.013975118,0.2,2.69,11,4.4,2.5
Falipamil,428.52,-1.736877025,0.12,0.986,14,8.2,2.4
Famotidine,337.45,-2.113509275,0.84,-1.12,9.8,7.1,1.2
Felodipine,384.25,-1.891660525,0.0036,4.51,14,1.6,4.4
Fenoldopam,305.76,-1.617982957,0.12,0.5,9.3,7.7,0.5
Fenoprofen,242.27,-3.15490196,0.02,0.713,4.5,0,0.1
Fenoterol,303.35,-1.617982957,0.53,-0.107,9.6,8,1.2
Fentanyl,336.47,-2.260955352,0.16,2.57,14,8.6,0.89
Finafloxacin,398.39,-2.173385366,0.75,-0.647,5.7,6.2,1.42
Finasteride,372.54,-2.552841969,0.095,3.4,13,0,1.1
Fingolimod,307.47,-2.74836178,0.002,4.3,13,8.5,17.3
Flavopiridol,401.84,-2.147723375,0.06,1.7,6.9,9.9,1.5
Flecainide,414.34,-2.24285713,0.52,1.41,14,9,6.1
Fleroxacin,369.34,-2.552841969,0.73,-0.541,5.5,7.8,1.6
Flomoxef,496.47,-2.320269354,0.64,-2.36,2.9,0,0.19
Flucloxacillin,453.87,-2.552841969,0.043,-0.57,2.8,0,0.19
Fluconazole,306.27,-3.441691517,0.89,0.488,13,1.9,0.75
Flucytosine,129.09,-2.632023215,1,-0.702,10,2.4,0.68
Fludarabine,285.23,-2.427903232,0.76,-0.563,12,2.5,2.2
Flumazenil,303.29,-1.728933228,0.58,1.23,14,1.8,0.8
Flunisolide,434.5,-1.955329605,0.24,2.53,12,0,1.08
Flunitrazepam,313.28,-2.786925175,0.17,0.975,14,1.9,1.9
Fluocortolone,376.46,-2.08795517,0.04,2.59,13,0,0.68
Fluorescein,332.31,-2.819109858,0.11,-0.436,9.1,0,0.14
"fluorodideoxycytidine, 2- (2FddC)",229.21,-2.147723375,1,-0.737,13,4.3,0.7
"Fluorouracil, 5-",130.08,-1.617982957,0.64,-0.839,8,0,0.23
Fluphenazine,437.52,-1.946281476,0.04,4.4,14,8.2,2.9
Flupirtine,304.32,-2.728933228,0.15,2.84,8.8,7.3,1.1
Fluticasone propionate,500.57,-1.702604289,0.1,4.4,12,0,3.6
Fluvastatin,411.47,-1.728933228,0.0079,1.44,4.1,0,0.42
Fluvoxamine,318.33,-1.617982957,0.2,1.82,14,9.4,23.5
Folic acid,441.4,-1.617982957,0.5,-2.2,3.5,4.4,9.7
Folinic acid,473.44,-2.169625217,0.087,-1.94,3.5,4.5,0.25
Fosaprepitant,614.41,-1.663540266,0.02,1.11,1.4,4,0.07
Foscarnet,126.01,-2.610833916,0.85,-0.572,0.43,0,0.5
Fosfluconazole,386.25,-2.819109858,0.042,-1.82,0.7,1.9,0.15
Fosfomycin,138.06,-2.632023215,1,-0.6,0.24,0,0.32
Fosinoprilat,435.49,-3.427903232,0.006,-1.19,3.8,0,0.13
Fosphenytoin,362.27,-2.388985166,0.05,-1.73,0.64,0,0.06
Frovatriptan,243.3,-2.535113202,0.85,-0.0786,12,10,3.6
Fulvestrant,606.77,-1.861171203,0.01,6.24,11,0,4.15
Furosemide,330.74,-2.728933228,0.012,-0.745,3.7,0,0.12
Fusidate sodium,515.7,-3.388985166,0.02,2.27,4.8,0,0.23
Gabapentin,171.24,-2.702604289,0.97,0.416,4,10,0.71
Galanthamine,287.35,-2.184865183,0.83,0.219,14,8.1,2.3
Gallopamil,484.63,-1.777717173,0.07,2.29,14,8.9,1.75
Ganciclovir,255.23,-2.270295379,0.99,-0.2,9,3.9,1
Ganirelix,1570.32,-3.133712661,0.18,2.44,9.8,9.4,0.21
Gatifloxacin,375.39,-2.485895179,0.8,-0.949,6.2,8.4,1.7
Gefitinib,446.9,-1.853871964,0.089,3.97,14,7.7,23
Gemcitabine,263.2,-1.617982957,1,-0.631,9.9,4,1.5
Gestodene,310.43,-3.029963223,0.023,3.89,14,0,0.46
Ginkgolide B,424.4,-2.571325374,0.8,0.726,7.8,0,0.91
Gliclazide,323.41,-3.320269354,0.03,0.542,6,3.6,0.43
Glimepiride,490.62,-3.234083206,0.005,1.97,5.3,0,0.19
Glipizide,445.54,-3.184865183,0.02,0.446,5.3,2.9,0.16
Glufosfamide,383.16,-2.728933228,0.71,-0.734,13,2.7,0.24
Glyburide,494,-3.019239358,0.021,2.16,5.3,0,0.08
Granisetron,312.41,-1.974011818,0.35,0.852,14,9.4,3.7
Guanfacine,246.09,-2.279840697,0.28,1.38,11,8.2,5.6
Haloperidol,375.86,-2.040958608,0.08,2.22,14,8.4,17
Hexobarbital,236.27,-2.401574293,0.53,1.1,8.1,0,1.1
Hydralazine,160.18,-1.617982957,0.12,0.376,14,11,1.5
Hydrocortisone,362.46,-2.177178355,0.2,1.57,12,0,0.38
Hydromorphone,285.34,-1.617982957,0.86,0.57,9.6,8.6,4.3
Hydroxychloroquine,335.87,-1.891660525,0.57,0.957,14,9.5,700
"Hydroxydihydroquinidine, 3(S)-",342.43,-1.853871964,0.47,1.19,13,8.2,6.8
"Hydroxyimipramine, 2-",296.41,-1.969265383,0.36,1.72,11,9,6.6
Hydroxymidazolam,341.77,-1.94583398,0.1,3.07,11,5.5,0.77
Hydroxysafflor yellow A,612.53,-2.93305321,0.22,-0.619,5,0,0.2
"Hydroxystaurosporine, 7-",482.53,-5.364851486,0.0022,2.47,7.7,10,0.15
Hydroxyurea,76.05,-2.756961951,1,-1.11,10,0,0.52
Ibandronic Acid (Ibandronate),319.23,-2.677780705,0.15,0.839,0,7.9,0.55
Ibrutinib,440.5,-1.718209362,0.03,4.33,14,4.6,9.75
Ibuprofen,206.28,-3.019239358,0.006,0.965,4.4,0,0.15
Ibutilide,384.58,-1.617982957,0.6,1.64,10,9.4,12
Idarubicin,497.49,-1.617982957,0.076,1.38,8,8.7,38
Idrapril,258.27,-2.133712661,1,-2.45,4.9,0,1
Ifosfamide,261.09,-2.891660525,1,0.743,14,1.5,0.62
Iloprost,360.49,-1.728933228,0.4,1.24,4.9,0,0.37
Imatinib,493.6,-2.41453927,0.05,2.43,12,8.5,3.9
Imidafenacin,319.4,-2.147723375,0.12,1.84,14,6.4,1.51
Imipenem,299.35,-2.455931956,0.86,-1.74,2.9,9.9,0.24
Imipramine,280.41,-1.819109858,0.075,2.22,14,9,12
Incadronate (acid),287.19,-2.598599459,0.9,0.219,0,12,0.24
Indacaterol,392.49,-2.281775196,0.05,2.88,10,9.5,19.4
Indinavir,613.79,-1.677780705,0.36,3.7,9.8,7.1,0.82
Indisulam,385.85,-3.075720714,0.001,2.38,7.1,0,0.68
Indocyanine Green,752.98,-2.100544298,0.05,2.83,0.96,0,0.035
Indomethacin,357.79,-2.819109858,0.01,1.05,4.4,0,0.096
Indoprofen,281.31,-3.120139854,0.01,-0.225,4.1,0,0.12
Indoramin,347.45,-1.632023215,0.15,1.78,12,7.4,4.9
Inogatran,438.56,-2.147723375,0.76,-0.0296,2,8.6,0.26
Iodixanol,1550.18,-2.774690718,1,0.0861,9.7,0,0.2
Iohexol,821.14,-2.632023215,1,-0.746,10,0,0.16
Iomeprol,777.09,-2.786925175,1,-0.305,10,0,0.23
Iopamidol,777.09,-2.654299609,1,0.286,10,0,0.28
Iopentol,835.16,-2.829249489,1,-0.585,10,0,0.2
Iopromide,791.11,-2.786925175,0.99,0.0441,11,0,0.22
Iothalamic acid (Iothalamate),613.91,-2.552841969,0.98,0.318,3.1,0,0.17
Iotrolan,1626.23,-2.759866942,1,-0.502,8.8,0,0.23
Ipratropium,332.46,-1.617982957,0.95,-1.68,14,0,5.1
Irbesartan,428.53,-2.571325374,0.1,1.3,4.4,3.7,0.94
Irinotecan,586.68,-2.08795517,0.51,1.2,10,9.3,3.5
Isavuconazole,437.47,-3.003634285,0.01,4.4,14,2.2,5.37
Isepamicin,569.6,-2.819109858,0.95,-2.11,10,9,0.32
Isomazole,287.34,-1.617982957,0.48,1.11,11,6.3,1.67
Isoniazide,137.14,-2.063821491,1,-0.164,11,3.8,0.82
Isoproterenol,211.26,-1.617982957,0.71,-1.21,10,8.9,1.5
Isosorbide Dinitrate,236.14,-1.617982957,0.72,0.195,14,0,1.9
Isosorbide-5-Mononitrate,191.14,-2.632023215,1,0.292,14,0,0.7
Isoxicam,335.34,-4.08795517,0.035,-0.0298,4,0,0.19
Isradipine,371.39,-1.617982957,0.04,3.6,14,2.2,1.5
Itraconazole,705.63,-2.225483034,0.002,5.52,14,5.1,7.4
Ixabepilone,506.7,-1.93305321,0.2,3.57,14,3.7,11
Ixazomib,361.03,-3.234083206,0.01,2.97,9.4,0,3.61
Kanamycin,484.5,-2.786925175,0.99,-2.5,13,8,0.26
Ketamine,237.73,-1.654299609,0.47,1.72,14,7.7,2.9
Ketanserin,395.43,-2.106978408,0.055,2.7,11,7.8,3.9
Ketoprofen,254.28,-2.728933228,0.008,-0.0228,4.2,0,0.13
Ketorolac,255.27,-3.388985166,0.0068,-0.583,3.5,0,0.11
KRN8602,585.6,-1.617982957,0.09,1.53,7.4,6.7,20.9
L-692429,509.6,-2.448753371,0.06,0.955,4.3,9.2,0.2
Labetalol,328.41,-1.617982957,0.5,0.967,8.8,8.2,4.8
Lacosamide,250.29,-3.177178355,0.85,0.271,13,0,0.58
Ladirubicin,601.62,-1.617982957,0.006,1.64,8.1,6.1,2.95
Lamifiban,468.5,-2.654299609,0.94,-1.55,3.3,11,0.29
Lamivudine,229.26,-2.251811973,0.94,-0.902,13,4.2,1.3
Laniquidar,584.71,-1.782603801,0.001,5.38,14,8.5,6.03
Lansoprazole,369.36,-2.289600534,0.021,3.06,9.2,3.4,0.28
Lefamulin,507.73,-2.335358024,0.17,1.16,14,10,1.32
Lesinurad,404.28,-2.777717173,0.02,0.458,3.5,1,0.29
Letrozole,285.3,-3.177178355,0.41,1.66,14,3.1,1.9
Leuprolide,1209.4,-2.632023215,0.54,-0.799,9.8,11,0.38
Levetiracetam,170.21,-2.978810701,0.9,-0.436,14,0,0.6
Levobupivacaine,288.43,-1.993533958,0.03,2.81,13,7.9,0.49
Levocabastine,420.52,-3.299584755,0.453,1.59,3.5,8.6,1.17
Levodopa,197.19,-1.617982957,0.76,-0.875,2.3,9.2,1.7
Levofloxacin,361.37,-2.654299609,0.75,-0.261,6.1,8.2,1.2
Levonorgestrel,312.45,-2.677780705,0.025,3.73,14,0,1.5
Levorphanol,257.37,-1.737153558,0.6,0.999,10,9.5,11.5
Levosimendan,280.28,-2.353269614,0.02,1.07,6.1,4.7,0.24
Licarbazepine,254.28,-2.988570538,0.7,0.768,12,0,0.72
Lidocaine,234.34,-1.728933228,0.33,1.67,13,7.9,1.8
Linezolid,337.35,-2.677780705,0.69,0.59,11,1.6,0.58
Lisinopril,405.49,-2.853871964,1,0.118,2.2,11,0.89
Lomitapide,693.72,-1.993533958,0.002,5.4,11,8.6,16.3
Lorazepam,321.16,-2.93305321,0.09,2.91,9,0.63,1.3
Lorcainide,370.92,-1.728933228,0.15,2.76,14,9.2,6.6
Lormetazepam,335.18,-2.330993219,0.12,2.73,8.7,0.26,1.6
Losartan,422.91,-2.019239358,0.01,1.01,4.5,3.9,0.37
Lovastatin (acid),422.55,-2.075720714,0.043,1.26,4.4,0,0.87
Lubeluzole,433.51,-2.702604289,0.003,4.52,14,7.8,2.6
LY2090314,514.55,-1.920215986,0.02,3.06,9.7,4.3,1.2
Maprotiline,277.4,-1.786925175,0.11,1.54,14,9.9,45
Maraviroc,513.67,-1.959925357,0.25,2.74,14,8.9,2.3
Maxipost,359.7,-1.756961951,0.0038,3.87,9.4,0,10
Mazapertine,421.58,-2.142768046,0.011,4.2,14,6.3,1.54
Mebendazole,295.29,-1.756961951,0.086,2.8,11,2.7,1.2
Melagatran,429.51,-2.654299609,0.93,-0.821,1.9,11,0.23
Melatonin,232.28,-1.715569266,0.39,1.22,13,0,1.1
Meloxicam,351.4,-3.853871964,0.003,0.454,3.6,4.2,0.15
Melphalan,305.2,-2.08795517,0.14,0.356,2.3,9.3,0.48
Meperidine,247.33,-2.24285713,0.42,1.43,14,8.6,2.3
Mepindolol,262.35,-2.167384656,0.51,0.127,13,9.2,2.17
Mepivacaine,246.35,-2.100544298,0.3,1.27,13,7.8,0.95
Meprobamate,218.25,-3.15490196,1,0.326,14,0,0.7
Meptazinol,233.35,-1.617982957,0.73,1.23,9.5,8.9,3.3
"Mercaptopurine, 6-",152.18,-1.756961951,0.85,-0.334,7.5,1.3,1
Meropenem,383.46,-2.341988603,0.87,-1.93,2.8,8,0.3
Metaproterenol,211.26,-1.784759113,0.9,-1.03,9.6,8.6,6.03
Metformin,129.16,-2.063821491,1,-1.72,14,13,0.64
Methadone,309.45,-2.702604289,0.21,2.03,14,8.5,4.4
Methamphetamine,149.23,-2.289600534,0.85,-0.26,14,9.7,4.3
Methicillin,380.42,-2.113509275,0.43,-1.38,2.8,0,0.32
Methohexital,262.3,-1.853871964,0.27,1.75,8.3,0,1.1
Methotrexate,454.44,-2.610833916,0.37,-2.79,3.5,5.7,0.43
Methyldopa,211.21,-2.388985166,0.85,-0.512,2.5,9.2,0.69
Methylnaltrexone,356.44,-1.617982957,0.87,-0.987,8.3,0,2.6
Methylphenidate,233.31,-1.959002308,0.85,-0.00184,14,8.7,2.2
Methylprednisolone,374.47,-2.147723375,0.23,2.43,12,0,1.2
Metoclopramide,299.8,-2.177178355,0.6,0.696,12,9,3.2
Metocurine,652.82,-2.853871964,0.65,-0.967,14,0,0.4
Metolazone,365.83,-2.786925175,0.05,2,9.7,1.3,1.6
Metoprolol,267.36,-1.819109858,0.88,-0.209,14,9.2,3.1
Metrizoate,627.94,-2.501689446,1,-0.0293,3.3,0,0.17
Metronidazole,171.15,-3.003634285,0.96,-0.209,10,2.7,0.4
Mexiletine,179.26,-2.013975118,0.36,0.624,14,9,5.9
Mezlocillin,539.58,-2.610833916,0.7,-1.64,2.8,0,0.09
Mianserin,264.36,-1.617982957,0.05,3.7,14,8.2,13.75
Mibefradil,495.63,-2.330993219,0.005,3.39,12,9.5,3.1
Micafungin,1270.27,-3.702604289,0.0023,-1.58,0,0,0.21
Miconazole,416.13,-1.956244873,0.08,6.4,14,6.5,7.14
Midazolam,325.77,-2.208777341,0.017,3.25,14,6.1,1.1
Midodrine,254.28,-1.617982957,0.7,-0.791,13,8.4,0.67
Mifepristone,429.59,-3.234083206,0.02,4.4,13,3.7,0.45
Miglitol,207.22,-2.702604289,1,-2.35,14,7.1,0.28
Milnacipran,246.35,-2.020831154,0.87,-0.884,14,11,4.51
Milrinone,211.22,-2.140661521,0.035,0.439,6.9,6.4,0.25
Minocycline,457.48,-2.853871964,0.005,0.166,3.1,9.5,1.6
Minoxidil,209.25,-1.87235537,1,1.08,14,4.3,0.9
Mirabegron,396.51,-1.799514302,0.29,0.777,12,8.7,23.8
Mirtazapine,265.35,-2.029963223,0.15,2.47,14,8.6,4.2
Mitoxantrone,444.48,-2.035426119,0.25,0.0617,9.4,9.1,12
Mivacurium (cis/cis),1029.26,-2.217049867,0.7,1.73,14,0,0.27
Moclobemide,268.74,-1.93305321,0.77,1.55,13,6.8,1.1
Mometasone Furoate,521.43,-1.829249489,0.01,4.9,12,0,2.2
Montelukast,586.18,-3.100544298,0.002,4.34,4.4,4.9,0.15
Morphine,285.34,-1.617982957,0.65,0.609,9.7,8.4,2.3
Morphine-6-Glucuronide,461.46,-2.59063053,0.67,-1.04,2.7,8.3,0.12
Moxalactam,520.47,-3.075720714,0.39,-2.08,2.9,0,0.17
Moxifloxacin,401.43,-2.552841969,0.6,-0.379,6.2,8.6,1.4
Moxonidine,241.68,-1.891660525,0.93,0.415,14,7.9,1.8
Mycophenolic acid,320.34,-2.565697289,0.02,0.222,4.6,0,0.77
Nadolol,309.4,-2.470655212,0.14,-1.2,14,9.3,1.9
Nafarelin,1322.47,-3.075720714,0.19,0.169,9.8,11,0.14
Nafcillin,414.47,-2.41453927,0.13,0.213,2.8,0,0.22
Nalbuphine,357.44,-1.617982957,0.5,1.16,9.9,8.3,4.6
Nalmefene,339.43,-1.756961951,0.65,1.29,9.4,8.1,8.2
Naloxone,327.37,-1.617982957,0.54,1.17,9.3,7.5,1.7
Naltrexone,341.4,-1.617982957,0.79,0.968,9.3,7.7,7.6
Naphtidrofuryl oxalate,383.52,-1.899629455,0.2,2.63,14,8.4,0.98
Naproxen,230.26,-4.08795517,0.002,0.244,4.4,0,0.09
Napsagatran,558.65,-2.126873236,0.55,-0.428,2.9,9.8,0.36
Naratriptan,335.46,-2.113509275,0.7,0.0803,11,9.4,2.4
Nateglinide,317.42,-2.677780705,0.029,1.12,3.8,0,0.15
Nebivolol,405.44,-1.786925175,0.02,3.87,14,7.9,11
Nedocromil,371.34,-1.924453039,0.11,-2.18,1.5,4.8,0.43
Nefazodone,470.01,-2.057991947,0.01,4.64,14,7.1,0.51
Nelarabine,297.27,-1.617982957,0.8,-0.625,12,3.7,4.9
Nemonoxacin,371.43,-2.353269614,0.84,-0.478,6.4,10,1.9
Netilmicin,475.58,-3.192690521,1,-2.12,13,9.2,0.073
Netupitant,578.59,-2.481266775,0.003,6,14,8.8,5.54
Nevirapine,266.3,-3.455931956,0.32,2.25,9,2.5,1.3
Nicardipine,479.52,-1.891660525,0.01,4.28,14,7,1
Nicorandil,211.17,-1.983663204,0.76,1.13,11,3.1,1.4
Nicotine,162.23,-1.677780705,0.95,0.111,14,9,2.6
Nifedipine,346.33,-2.06973035,0.044,3.15,14,2.4,0.79
Nifekalant,405.45,-1.617982957,0.09,0.597,14,7.8,1.96
Nimodipine,418.44,-1.756961951,0.016,4.01,14,2.1,1.1
Nintedanib,539.62,-1.634200134,0.02,3.5,10,7.8,15
Nisoldipine,388.41,-1.756961951,0.003,4.23,14,2.3,5.5
Nitrazepam,281.27,-2.998554759,0.13,0.766,11,2.9,1.7
Nitrendipine,360.36,-1.617982957,0.02,3.81,14,2.3,6.1
Nitrofurantoin,238.16,-1.946281476,0.17,0.0302,7.3,0,0.57
Nizatidine,331.46,-1.941827135,0.65,-0.0944,14,6.7,1
NK 611,615.63,-3.330993219,0.013,1.26,12,5.7,0.3
Nomifensine,238.33,-1.617982957,0.4,2.22,14,8.9,6
Norfloxacine,319.33,-2.090443971,0.13,-1.05,6,8.5,1.88
Nortriptyline,263.38,-1.93305321,0.12,1.65,14,9.5,22
Octreotide,1019.24,-2.556476253,0.35,-0.328,12,10,0.19
Ofloxacin,361.37,-2.535113202,0.75,-0.588,6.1,8.2,1.6
Oleandomycin,687.86,-1.974011818,0.4,0.325,14,8.7,0.77
Olodaterol,386.44,-1.837883859,0.4,1.01,10,8.5,15.85
Olsalazine,302.24,-2.853871964,0.01,-0.12,2,0,0.07
Ombitasvir,894.11,-2.707743929,0.001,7.06,13,4.5,2.32
Omeprazole,345.42,-2.008773924,0.05,2.18,9.1,4.4,0.24
Ondansetron,293.36,-2.169625217,0.27,1.74,14,7.2,1.8
OR-1896,245.28,-3.279840697,0.4,0.621,11,4.5,2.38
Oritavancin,1793.1,-4.08795517,0.13,0.741,2,9.3,0.3
Ornidazole,219.63,-2.899629455,0.88,0.704,9.9,2.4,1.16
Oseltamivir acid,284.35,-2.251811973,0.97,-0.437,3.4,8.5,0.37
Oxacillin,401.44,-2.133712661,0.07,-0.916,2.8,0,0.19
Oxazepam,286.71,-2.891660525,0.04,2.65,11,1.8,0.59
Oxprenolol,265.35,-2.046562485,0.19,0.263,14,9.2,0.72
Oxybutynin,357.49,-2.225483034,0.0034,4.4,14,7.7,0.85
Oxycodone,315.36,-2.147723375,0.55,0.572,14,8,2.5
Oxytetracycline,460.43,-2.632023215,0.9,-1.03,3.3,9.1,1.7
Paclitaxel,853.91,-2.126873236,0.12,4.38,11,0,3
Paeoniflorin,480.46,-2.621299349,0.77,0.3,13,0,0.22
Palonosetron,296.41,-2.518079862,0.38,0.926,14,8.4,6.3
Pamidronic acid (Pamidronate),235.07,-2.535113202,0.7,1.52,0.67,12,1.8
Pancuronium,572.86,-2.756961951,0.09,0.102,14,0,0.2
Pantoprazole,383.37,-2.59063053,0.02,2.03,9.3,3.6,0.17
Papaverine,339.39,-1.891660525,0.073,2.54,14,6.4,1
Paricalcitol,416.64,-2.983663204,0.0016,4.55,14,0,0.41
Paritaprevir,765.88,-2.174141318,0.022,2.83,4.2,3.5,1.37
Paroxetine,329.37,-1.677780705,0.06,1.76,14,9.5,18
Patupilone,507.68,-2.596593477,0.22,3.88,14,2.6,14.4
Pazufloxacin,318.3,-2.245524249,0.79,-0.658,6.1,7.6,0.68
Pefloxacin,333.36,-2.632023215,0.75,0.324,6,8.1,1.5
Peldesine,241.25,-2.140661521,0.86,1.08,9.7,4.9,1.2
Pelrinone,241.25,-2.169625217,0.05,0.316,8.1,5.6,0.39
Pemetrexed,427.41,-2.819109858,0.19,-1.89,3.3,4,0.15
Penciclovir,253.26,-2.008773924,0.84,-0.929,7.8,4.9,1.1
"Penicillamine, D-",149.21,-1.905703603,0.12,-0.295,1.9,8.7,1.26
Penicillin G,334.39,-2.09420412,0.4,-1.52,2.8,0,0.24
Pentamidine,340.42,-1.617982957,0.09,-0.551,14,11,53
Pentazocine,285.42,-1.617982957,0.39,2.52,10,9,3.4
Pentobarbital,226.27,-3.260955352,0.39,1.93,7.8,0,0.91
Pentostatin,268.27,-2.720865606,0.96,-0.793,12,5,0.59
Pentoxifylline,278.31,-1.617982957,0.51,0.438,14,1.4,1.8
Perampanel,349.38,-3.93305321,0.05,3.64,14,3.9,1.36
Perindoprilat,340.41,-2.702604289,0.16,-1.59,2.2,8.8,0.76
Perphenazine,403.97,-1.617982957,0.07,3.87,14,8.2,18
PF-4776548,341.34,-1.617982957,0.08,2.05,7.1,2.7,5.7
Phenacetin,179.22,-1.617982957,0.47,1.64,14,0,1.4
Phencyclidine,243.39,-2.225483034,0.35,2.37,14,9,6.9
Phenethicillin,364.42,-2.30980392,0.25,-1.01,2.8,0,0.3
Phenobarbital,232.24,-4.133712661,0.49,1.24,7.6,0,0.54
Phenoxymethylpenicillin,350.39,-2.100544298,0.45,-1.08,2.8,0,0.41
Phenprocoumon,280.32,-4.632023215,0.57,1.39,4.5,0,0.2
Phenytoin,252.27,-3.364851486,0.13,2.35,7.8,0,0.43
Physostigmine,275.35,-1.617982957,0.64,0.988,14,8.1,3.9
Picumast,440.96,-2.819109858,0.05,4.8,14,8.3,1.3
Pidotimod,244.27,-2.868595221,0.96,-2.26,2.8,0,0.31
Pimobendan,334.37,-1.786925175,0.024,2.56,11,4.6,2
Pinacidil,245.32,-2.178704875,0.6,2.06,14,5.1,1.1
Pindolol,248.32,-2.046562485,0.58,-0.175,13,9.2,1.2
Pipecuronium,602.89,-2.455931956,0.98,-1.2,14,4.9,0.35
Pipemidic acid,303.32,-2.47973487,0.7,-1.55,5.5,8,0.88
Piperacillin,517.55,-2.330993219,0.5,-2.06,2.8,0,0.27
Piretanide,362.4,-2.441691517,0.058,-0.389,4.6,3.9,0.17
Piritramide,430.59,-2.040958608,0.061,3.14,14,8,4.7
Pirmenol,338.49,-2.677780705,0.13,1.54,14,9.8,1.4
Pitavastatin,421.46,-2.165897344,0.005,1.25,4.1,5.2,0.9
Plazomicin,592.68,-2.876148359,0.84,-2.08,12,9.4,0.22
Posaconazole,700.78,-2.299584755,0.013,4.9,14,5.1,3.8
Pralatrexate (R),477.47,-2.501689446,0.33,-2.26,3.5,4.7,0.53
Pralatrexate (S),477.47,-2.15490196,0.33,-2.26,3.5,4.7,1.5
Pralidoxime,137.16,-1.978810701,1,-0.198,7.9,0,0.8
Pramipexole,211.33,-2.075720714,0.85,-0.604,14,9.6,7
Prazosin,383.4,-2.260955352,0.06,1.45,14,7.2,0.73
Prednisolone,360.44,-2.470655212,0.25,1.69,12,0,0.86
Prednisone,358.43,-2.535113202,0.27,1.64,12,0,0.57
Prilocaine,220.31,-1.617982957,0.72,1.29,14,8.1,3.7
Probenecid,285.36,-3.535113202,0.13,0.0177,3.5,0,0.13
Procainamide,235.33,-1.93305321,0.84,-0.65,12,9,2.2
Promazine,284.42,-1.786925175,0.11,2.64,14,9,8.1
Promethazine,284.42,-1.786925175,0.09,1.2,14,9.2,14
Propafenone,341.44,-1.728933228,0.038,1.8,14,9.1,2.2
Propiverine,367.48,-2.46470588,0.1,3.7,14,9,2.73
Propofol,178.27,-1.617982957,0.016,3.7,11,0,4.7
Propoxyphene,339.47,-1.756961951,0.24,3.21,14,8.2,12
Propranolol,259.34,-1.853871964,0.13,1.18,14,9.2,3.1
Propylthiouracil,170.23,-2.441691517,0.18,0.831,8.5,0,0.34
Proquazone,278.35,-1.957621402,0.02,3.58,14,1.8,0.52
Prucalopride,367.87,-2.275041814,0.7,1.17,11,8.6,8.73
Pyridostigmine,181.21,-1.950781977,1,-0.779,14,0,1.1
Pyrimethamine,248.71,-4.217049867,0.095,2.23,14,6.9,0.43
Quercetin,302.24,-1.891660525,0.009,3.69,6.6,0,0.12
Quinacrine,399.96,-2.225483034,0.13,2.06,14,10,45
Quinaprilat,410.46,-2.964570262,0.32,-1.64,2.1,8.1,0.13
Quinidine,324.42,-2.330993219,0.26,1.76,12,8,2.9
Quinine,324.42,-2.654299609,0.3,2.05,12,8,1.8
Quinupristin,1022.22,-1.728933228,0.34,1.62,6.1,8.4,0.67
Rabeprazole,359.44,-2.330993219,0.037,2.14,9.2,3.9,0.22
Raclopride,347.24,-2.853871964,0.06,1.3,6.2,9.1,1.1
Raloxifene,473.58,-1.899629455,0.05,3.89,8.3,9.3,7.5
Raltitrexed,458.49,-2.978810701,0.05,-1.31,3.5,2.9,6.57
Ramelteon,259.34,-1.815781915,0.2,2.77,13,0,1.05
Ranitidine,314.4,-1.950781977,0.95,0.011,14,8.4,1.2
Ranolazine,427.54,-1.955329605,0.38,2.71,13,6.9,1.2
Reboxetine,313.39,-3.019239358,0.019,1.76,14,8.4,0.65
Recainam,263.38,-2.279840697,0.86,-0.967,13,9.5,1.4
Regadenoson,390.35,-2.06973035,0.7,-0.534,10,5.4,0.94
Remifentanil,376.45,-1.617982957,0.3,1.14,14,7.1,0.4
Remikiren,630.84,-1.868595221,0.055812888,3.74,13,6.8,0.77
Remoxipride,371.27,-2.702604289,0.16,0.764,13,9.1,0.65
Repaglinide,452.59,-2.040958608,0.015,2.29,4.4,3.8,0.35
Ribavirin,244.2,-2.217049867,1,-1.4,12,0.5,14
Ridogrel,366.33,-2.911863911,0.033,1.34,4.8,3.4,0.43
Rifabutin,847,-2.552841969,0.29,3.91,6.3,8.2,9.3
Rifampin,822.94,-2.388985166,0.2,1.26,2.9,7.9,0.97
Rilmenidine,180.25,-2.081794862,0.9,-0.0474,14,11,4.5
Risedronic acid (Risedronate),283.11,-2.756961951,0.76,1.18,2.3,4.2,6.3
Risperidone,410.48,-2.200659451,0.1,1.4,14,7.8,1.1
Ritanserin,477.57,-3.225483034,0.008,4.82,14,8.3,1.41
Ritodrine,287.35,-1.617982957,0.64,0.0138,10,8.8,4.4
Rivaroxaban,435.88,-2.552841969,0.06,1.65,11,0,0.7
Rivastigmine,250.34,-1.853871964,0.6,0.853,14,8.2,1.3
Rizatriptan,269.34,-1.728933228,0.86,-0.336,14,8.3,1.9
Ro 02-70608,506.77,-2.364851486,0.1,0.244,4,0,0.3
Ro25-6833,546.5,-3.353269614,0.043,-1.59,2.3,3,0.11
Rocuronium,529.77,-2.364851486,0.54,0.212,14,7.5,0.21
Rofecoxib,314.36,-2.632023215,0.13,1.68,14,0,1.3
Roflumilast,403.21,-2.59063053,0.01,4,11,2.3,1.92
Rolipram,275.34,-2.133712661,0.11,2.17,12,0,0.67
Rolitetracycline,527.57,-2.946281476,0.5,-0.591,3.7,9.2,0.54
Romidepsin,540.7,-2.063821491,0.07,2,13,0,1.2
Ropinirole,260.37,-1.617982957,0.6,0.974,11,9.1,7.7
Ropivacaine,274.4,-2.192690521,0.06,2.31,13,7.8,0.75
Rosiglitazone,357.43,-3.120139854,0.002,2.37,6.5,5.8,0.2
Rosuvastatin,481.54,-1.891660525,0.12,0.0954,4.3,3.7,1.7
Rotigotine,315.47,-1.617982957,0.08,3.46,11,8.8,5.7
S 12363,1044.2,-2.388985166,0.1,2.72,9,7.4,4.67
Sabeluzole,415.52,-2.325598187,0.014,4.4,14,7.8,5.5
Salvianolic acid B,718.61,-2.077534055,0.08,-0.738,3,0,0.14
Saquinavir,670.84,-1.819109858,0.028,5.9,12,7.4,3.6
Satavaptan,643.79,-1.843148099,0.1,3.28,13,7.3,7
Saxagliptin,315.41,-2.081794862,1,-0.00199,14,5.7,1.8
Sch34343,334.37,-2.057991947,0.35,-1.52,2.9,0,0.3
Scutellarin,462.36,-1.617982957,0.1,-1.32,2.9,0,0.88
Selegiline,187.28,-1.632023215,0.13,2.78,14,7.6,1.9
Sematilide,313.42,-2.364851486,0.96,-0.836,8.1,9,0.82
Semaxanib,238.28,-1.786925175,0.008,3.43,11,0,0.98
Sildenafil,474.58,-1.978810701,0.04,2.72,9.3,7.7,1.36
Sisomicin,447.53,-2.93305321,0.15,-2.14,14,9.2,0.19
Sitafloxacin,409.81,-2.364851486,0.51,0.204,5.7,10,1.5
Sitagliptin,407.31,-2.15490196,0.62,0.298,14,8.1,2.8
Solifenacin,362.46,-2.610833916,0.02,2.89,14,8.1,8.2
Sotalol,272.36,-2.632023215,0.62,-1.21,9.8,9.3,1.3
Sparfloxacin,392.4,-2.501689446,0.55,-0.125,6,8.3,3.9
Stavudine,224.21,-2.019239358,1,-0.303,9.3,0,0.67
Streptomycin,581.57,-3.040958608,0.65,-1.61,12,12,0.34
Sufentanil,386.55,-1.756961951,0.075,2.16,14,8.4,9.4
Sulbactam,233.24,-2.225483034,0.62,-2.27,3.1,0,0.32
Sulbenicillin,414.45,-2.728933228,0.5,-2.59,0.6,0,0.15
Sulfadiazine,250.28,-3.192690521,0.44,-1.16,6.5,2,0.29
Sulfamethoxazole,253.28,-3.37675071,0.23,-0.213,5.8,2.1,0.3
Sulfasalazine,398.39,-3.518079862,0.004,0.0345,2.3,1.5,0.11
Sulfinpyrazone,404.48,-3.401574293,0.017,0.553,2.9,0,0.12
Sulfisoxazole,267.3,-3.455931956,0.079,-1.27,5,2.1,0.17
Sulmazole,287.34,-1.93305321,0.41,1.49,14,6.8,0.62
Sulpiride,341.43,-2.654299609,1,-0.376,9.5,8.9,0.94
Sumatriptan,295.4,-1.654299609,0.83,-1.08,11,8.3,1.7
Suprofen,260.31,-3.052239618,0.006,-0.216,4.2,0,0.04
Suramin,1297.28,-5.177178355,0.003,-2.33,0,0,0.54
Susalimod,408.43,-4.08795517,0.0019,0.813,2.8,1.9,0.1
Suvorexant,450.92,-3.008773924,0.05,4.63,14,0.93,0.69
Tacrine,198.26,-1.617982957,0.25,0.622,14,10,11
Tacrolimus,804.02,-3.08795517,0.01,5.39,12,0,1.2
Talinolol,363.49,-2.24285713,0.39,0.812,13,9.3,3.3
Tamsulosin,408.51,-3.140661521,0.01,0.949,9.7,8.2,0.21
Tazobactam,300.29,-2.250908134,0.7,-2.18,2.2,0.35,0.26
Tedizolid,370.34,-2.857506249,0.11,1.77,12,2.5,0.91
Tegaserod,301.39,-1.677780705,0.02,2.32,13,12,5.3
Teicoplanin A2-1,1877.64,-3.427903232,0.14,0.946,2.2,7.2,0.92
Teicoplanin A2-2,1879.66,-3.535113202,0.09,1.26,2.2,7.2,0.83
Teicoplanin A2-3,1879.66,-3.677780705,0.06,1.2,2.2,7.2,0.57
Teicoplanin A2-4,1893.68,-3.756961951,0.044,2.16,2.2,7.2,0.57
Teicoplanin A2-5,1893.68,-3.978810701,0.033,1.4,2.2,7.2,0.42
Telavancin,1755.63,-3.632023215,0.07,-0.872,1.4,12,0.11
Telithromycin,812,-1.786925175,0.41,2.85,12,8.7,3
Telmisartan,514.62,-2.008773924,0.004,2.37,3.6,5.8,5.3
Temocillin,414.45,-3.401574293,0.21,-1.65,3,0,0.11
Tenidap,320.75,-4.169625217,0.01,0.882,7,0,0.11
Teniposide,656.65,-3.654299609,0.0044,2.24,12,0,0.41
Tenofovir,287.21,-2.441691517,0.93,0.554,0,4.2,0.83
Tenoxicam,337.37,-4.455931956,0.0085,-0.15,1.3,5.2,0.19
Terazosin,387.43,-2.891660525,0.08,1.1,14,7.2,0.98
Terbutaline,225.28,-2.401574293,0.75,-1.35,9.6,8.7,1.5
Teriflunomide,270.21,-5.08795517,0.01,1.46,5.6,0,0.16
Terodiline,281.44,-2.891660525,0.08,2.08,14,10,5.1
Tesaglitazar,408.47,-4.341988603,0.0011,-0.078,3.6,0,0.13
Testosterone,288.42,-1.617982957,0.057,3.12,14,0,0.35
Tetracycline,444.43,-2.756961951,0.78,-0.732,3.3,9.5,1.2
"Tetrahydrocannabinol, D9-",314.46,-2.427903232,0.05,5.82,10,0,8.9
Tezosentan,605.63,-2.024568191,0.0085,0.86,3.1,1,0.28
Thalidomide,258.23,-2.401574293,0.4,0.933,7.9,0,0.95
Theophylline,180.16,-2.998554759,0.61,-0.12,7.5,3,0.51
Thiamphenicol glycinate,413.27,-1.950781977,0.27,-0.535,10,7.8,0.13
Thiopental,242.34,-2.019239358,0.14,2.06,7.4,0,1.2
Thiotepa,189.22,-2.106978408,0.9,-0.158,14,0,1.6
Tiagabine,375.55,-2.728933228,0.04,1.6,3.3,9.2,1.1
Tianeptine,436.95,-2.485895179,0.05,1.22,4.8,6.8,0.3
Tiaprofenic acid,260.31,-3.140661521,0.015,0.918,3.7,0,0.08
Tiazofurin,260.27,-2.552841969,0.47,-1.09,13,0,1.1
Ticagrelor,480.49,-2.40413651,0.002,5.2,14,3.9,1.25
Ticarcillin,384.43,-2.677780705,0.55,-2.14,2.8,0,0.16
Tigecycline,585.65,-2.353269614,0.2,0.0507,3.1,9.4,12
Tilidine,273.37,-1.728933228,0.21,2.45,14,7.9,4
Tiludronate,318.61,-3.330993219,0.1,-0.104,2.3,0,0.23
Timolol,316.42,-2.003634285,0.9,-0.0342,14,9.2,1.5
Tinidazole,247.27,-3.15490196,0.8,0.197,14,1.9,0.59
Tiopronin,163.19,-2.762791495,0.45,-1.76,3.6,0,1.39
Tipifarnib,489.4,-2.231485225,0.006,4.5,14,6.3,0.93
Tirapazamine,178.15,-1.983663204,0.81,0.41,14,4.4,0.56
Tirilazad,624.86,-2.08795517,0.006,7.1,14,8.2,9.8
Tirofiban,440.6,-2.455931956,0.36,0.49,3,10,0.34
Tizanidine,253.71,-1.891660525,0.7,0.729,14,9,2.4
Tobramycin,467.51,-2.728933228,1,-2.14,13,8.3,0.23
Tocainide,192.26,-2.59063053,0.87,0.0194,14,7.5,1.8
Tofogliflozin,386.44,-2.617082865,0.46,2.36,12,0,0.63
Tolamolol,344.4,-1.786925175,0.089,1.46,12,8.2,4
Tolbutamide,270.35,-3.610833916,0.05,0.423,5.2,0,0.12
Tolcapone,273.24,-2.654299609,0.0012,1.23,4.9,0,0.12
Tolfenamic acid,261.7,-2.558304864,0.003,1.94,4.4,0,0.16
Toloxatone,207.23,-1.891660525,0.49,1.35,12,0,1.5
Tolterodine,325.49,-2.008773924,0.037,1.48,9.8,9.1,1.5
Tolvaptan,448.94,-2.552841969,0.01,4.1,13,0,0.5
Tomopenem,537.63,-2.654299609,0.91,-2.06,2.9,8.5,0.23
Tonapofylline,416.51,-2.899629455,0.1,1.29,4.9,2.9,0.76
Topiramate,339.36,-3.501689446,0.72,0.612,8.6,0,0.8
Topotecan,421.45,-1.819109858,0.65,0.218,5.5,11,1.8
Torsemide,348.42,-3.208777341,0.01,0.553,6.3,7,0.21
Trabectedin,761.84,-1.853871964,0.06,0.824,9.1,8.1,25
Tramadol,263.38,-2.120139854,0.8,0.531,14,9,2.8
Trametinib,615.39,-3.029963223,0.03,4.4,14,0,13.94
Trandolapril,430.54,-1.836143197,0.17,0.449,3.2,5.8,0.25
Tranexamic acid,157.21,-2.552841969,0.97,0.937,4.3,11,0.38
Traxoprodil,327.42,-1.617982957,0.63,-0.0225,10,8.4,4.4
Trazodone,371.86,-2.786925175,0.08,3.49,14,7.1,0.52
Treprostinil,390.51,-1.903669433,0.09,0.759,3.4,0,0.23
Triamcinolone Acetonide,434.5,-1.959925357,0.2,2.76,11,0,1.4
Triamterene,253.26,-1.617982957,0.42,1.22,14,5.7,13
Triazolam,343.21,-2.455931956,0.1,2.67,14,5.2,0.58
Trimethoprim,290.32,-2.610833916,0.5,0.685,14,7,1.5
Trimetrexate,369.42,-3.046562485,0.05,1.06,14,8.3,0.77
Trimipramine,294.43,-1.728933228,0.051,3.02,14,8.9,16
Trospectomycin,374.43,-2.702604289,0.65,-0.0104,13,10,0.7
Trospium,392.51,-1.79003841,0.33,-0.567,14,0,5.1
Trovafloxacin,416.35,-2.786925175,0.24,0.363,5.9,8.6,1.3
Tubocurarine,609.73,-2.401574293,0.58,1.6,8.2,8.6,0.45
TZP 101,538.65,-3.93305321,0.01,3.92,14,8,0.1
"UK-240,455",368.19,-2.15490196,0.13,-0.0403,7,0,0.8
Umeclidinium,428.59,-1.617982957,0.11,2.56,14,0,1.23
Vaborbactam,297.14,-2.46470588,0.67,-1.19,4.9,0,0.29
Valbenazine,418.57,-2.7000571,0.01,2.75,14,8.2,1.31
Valdecoxib,314.36,-2.786925175,0.02,2.71,9.9,0,0.75
Valproic Acid,144.21,-3.728933228,0.08,0.335,5,0,0.14
Valsartan,435.52,-3.24285713,0.04,-0.798,3.8,0,0.22
Valspodar,1214.62,-2.518079862,0.022,9.03,10,0,1.8
Vancomycin,1449.25,-2.819109858,0.7,-1.1,2.5,9,0.54
Vardenafil,488.6,-1.819109858,0.05,2.35,14,7.9,3
Vecuronium Bromide,557.83,-2.279840697,0.25,2.7,14,8.5,0.3
Venlafaxine,277.4,-1.786925175,0.73,0.648,14,9.3,4.4
Verapamil,454.6,-1.677780705,0.093,2.61,14,8.9,3.7
Verlukast,515.09,-3.100544298,0.0004,1.45,4.4,5.1,0.11
Vilanterol,486.43,-1.617982957,0.06,1.76,10,9.3,2.38
Vilazodone,441.52,-2.357865365,0.03,3.7,12,8.4,4.85
Vinblastine,810.97,-2.441691517,0.14,3.45,12,7.5,28
Vincristine,824.96,-2.632023215,0.4,2.98,11,7.2,2.4
Vinorelbine,778.93,-1.632023215,0.87,2.74,12,8.6,23
Vinpocetine,350.45,-2.147723375,0.02,4.25,14,7.1,2.08
Vismodegib,421.3,-4.93305321,0.01,3.37,10,4.1,0.23
Vorapaxar,492.58,-3.401574293,0.01,4.92,14,3.9,3.74
Voriconazole,349.31,-2.013975118,0.42,1.79,14,3,2.2
Vorinostat,264.32,-1.617982957,0.29,1.04,9.4,0,0.5
Vortioxetine,298.45,-2.169625217,0.02,3.1,14,9,35.3
Warfarin,308.33,-4.192690521,0.015,0.957,5,0,0.13
Xamoterol,339.39,-2.455931956,0.97,-0.638,10,7.8,0.64
XK469R,344.75,-4.234083206,0.0036,0.73,3.4,4.1,0.19
XR5000,293.36,-1.720599249,0.03,2.06,12,8.7,3.41
Yohimbine,354.44,-1.768700355,0.2,2.16,11,7.4,0.48
Zalcitabine,211.22,-2.184865183,0.96,-0.25,13,4.3,0.54
Zaleplon,305.33,-1.728933228,0.4,1.44,14,3.8,1.3
Zanamivir,332.31,-2.728933228,0.86,-1.32,2.5,9.6,0.23
ZD-9331,532.53,-3.470655212,0.01,-0.295,4.1,3.1,0.53
Zimelidine,317.22,-1.793174124,0.086,2.31,14,8.6,6.8
Ziprasidone,412.94,-2.225483034,0.0012,4.28,11,7.4,1
Ziracin,1631.41,-3.147723375,0.04,1.95,5.8,0,0.39
Zoledronic Acid,272.09,-2.59063053,0.78,1.19,1.3,5.9,0.6
Zolmitriptan,287.36,-2.106978408,0.75,-0.635,13,8.3,1.8
Zolpidem,307.39,-2.299584755,0.08,2.58,14,5.7,0.54
Zoniporide,320.35,-1.617982957,0.34,1.56,9.8,6.1,1.7
Zopiclone,388.81,-2.41453927,0.2,0.987,14,7.9,1.3
Zotarolimus,966.21,-3.106978408,0.26,6.06,9.9,0,1.3
